{
    "KNN_BOW": {
        "hits_10": [
            4,
            3,
            4,
            3,
            3,
            3,
            6,
            4,
            7,
            2,
            3,
            3,
            3,
            6,
            4,
            5,
            5,
            4,
            5,
            5,
            7,
            6,
            4,
            5,
            4,
            4,
            2,
            5,
            7,
            7,
            5,
            7,
            4,
            3,
            5,
            5,
            5,
            5,
            5,
            5,
            6,
            4,
            5,
            4,
            4,
            4,
            4,
            4,
            4,
            7,
            3,
            3,
            5,
            3,
            4,
            8,
            2,
            4,
            3,
            5
        ],
        "r_sqr": [
            0.6123794146313346,
            0.4516151348056544,
            0.38289207079242893,
            -0.12174228749792793,
            0.8022651963248585,
            0.6838256603687265,
            -0.10707436580953433,
            0.41821956955736594,
            0.3095410078063692,
            0.5415927921379675,
            -3.868646454865215,
            -0.9651270081622076,
            -0.0390624552102965,
            0.5592866865485189,
            0.16668341189326463,
            0.054629141397381176,
            0.2906915173974428,
            0.1673596012958415,
            0.5635986749954445,
            0.683472398503062,
            0.5470486783431907,
            0.33618856302968114,
            0.8982516484307945,
            0.8497471316429509,
            0.23370801565361543,
            -0.015378171466063684,
            -0.9895089283827192,
            0.06138455491766659,
            0.5596499222409776,
            0.0753286705538887,
            0.21300550143092223,
            -0.31249996342865627,
            0.007581921216713194,
            0.08258683181528015,
            0.3758766086011657,
            0.10411681324030786,
            -0.22955664397526832,
            0.20760698614552797,
            0.4452739225224269,
            0.7692809586650982,
            0.36973528661663146,
            -0.8091104681204966,
            0.17274356559842297,
            0.15108709742947046,
            0.28412781526413555,
            0.09847618959151416,
            0.159261466723426,
            0.10557832084202257,
            0.30090680626157096,
            -0.7140737111670259,
            -0.08638629020420074,
            -0.14580332756786496,
            -0.3543214852008456,
            0.19023446574144798,
            0.2624895413422985,
            0.867030598711174,
            0.05677782243222784,
            0.26299466568629337,
            0.6871200112252303,
            0.7430146821086991
        ],
        "t_test": [
            0.10843586921691895,
            0.10487818717956543,
            0.10917234420776367,
            0.10776615142822266,
            0.10389089584350586,
            0.10318803787231445,
            0.10473990440368652,
            0.10304427146911621,
            0.10967898368835449,
            0.1106119155883789,
            0.110382080078125,
            0.10673809051513672,
            0.10858702659606934,
            0.10472989082336426,
            0.10491609573364258,
            0.11081910133361816,
            0.11466813087463379,
            0.10822892189025879,
            0.11255407333374023,
            0.1090552806854248,
            0.11177301406860352,
            0.10710287094116211,
            0.10836410522460938,
            0.11084508895874023,
            0.10649585723876953,
            0.10895895957946777,
            0.10765695571899414,
            0.10945415496826172,
            0.1099708080291748,
            0.11049890518188477,
            0.10582804679870605,
            0.1049652099609375,
            0.1051321029663086,
            0.10711002349853516,
            0.10765814781188965,
            0.10457706451416016,
            0.10623693466186523,
            0.10321784019470215,
            0.1095888614654541,
            0.10606098175048828,
            0.10869503021240234,
            0.10616397857666016,
            0.10805916786193848,
            0.10309791564941406,
            0.10918402671813965,
            0.10596299171447754,
            0.10439300537109375,
            0.10597920417785645,
            0.10372781753540039,
            0.1041111946105957,
            0.10646319389343262,
            0.1073918342590332,
            0.1106719970703125,
            0.10563421249389648,
            0.10930490493774414,
            0.10407185554504395,
            0.1071009635925293,
            0.10301709175109863,
            0.1080009937286377,
            0.10461688041687012
        ]
    },
    "SVR-All-Columns": {
        "hits_10": [
            1,
            1,
            0,
            1,
            1,
            1,
            1,
            1,
            2,
            2,
            0,
            1,
            2,
            0,
            0,
            0,
            0,
            1,
            0,
            1,
            2,
            2,
            0,
            1,
            0,
            0,
            0,
            1,
            0,
            0,
            0,
            0,
            0,
            1,
            0,
            2,
            1,
            0,
            0,
            1,
            3,
            1,
            1,
            0,
            0,
            1,
            1,
            0,
            1,
            0,
            0,
            1,
            0,
            1,
            0,
            0,
            4,
            0,
            0,
            0
        ],
        "r_sqr": [
            -0.029440275648311642,
            -0.028031133123039398,
            -0.024324350947158457,
            -0.039014191908072426,
            -0.021556324884607125,
            -0.02427540062382505,
            -0.05867463183076138,
            -0.033987266561094076,
            -0.01886770066543897,
            -0.022139413487182624,
            -0.01901915680712518,
            -0.0016916690399997325,
            -0.029868392304387426,
            -0.03454038221727029,
            -0.022656724048447874,
            -0.022774248999201996,
            -0.05528922766962441,
            -0.03732189683418463,
            -0.04092138449945626,
            -0.025328618797755276,
            -0.028417515860138742,
            -0.06112975957663247,
            -0.019492816735881657,
            -0.03999683498220352,
            -0.02273398719553077,
            -0.018483195135591046,
            -0.0344843557383796,
            -0.0414878916371757,
            -0.027805819292704426,
            -0.05017442210207812,
            -0.029741684932769852,
            -0.011145953257342356,
            -0.015434532319584804,
            -0.010663556250862793,
            -0.027026046222960787,
            -0.02647061184255084,
            -0.030231036431412228,
            -0.030308822965106286,
            -0.02244627285303169,
            -0.03018122933190237,
            -0.05722947068464235,
            -0.02131097934319337,
            -0.041720695829153165,
            -0.02226435523549064,
            -0.03463080867006152,
            -0.033741230315771586,
            -0.06106506662733957,
            -0.040340088008490316,
            -0.015007368693733758,
            -0.02635544704336712,
            -0.024616393346540866,
            -0.017368425925496922,
            -0.03916466992660017,
            -0.008182910469845206,
            -0.026489824694780895,
            -0.040824799104344,
            -0.05289767624204145,
            -0.03835007984460703,
            -0.010140591868577742,
            -0.01724072362909812
        ],