{"SVR-All-Columns": {"hits_10": [1, 1, 0, 1, 1, 1, 1, 1, 2, 2, 0, 1, 2, 0, 0, 0, 0, 1, 0, 1, 2, 2, 0, 1, 0, 0, 0, 1, 0, 0, 0, 0, 0, 1, 0, 2, 1, 0, 0, 1, 3, 1, 1, 0, 0, 1, 1, 0, 1, 0, 0, 1, 0, 1, 0, 0, 4, 0, 0, 0], "auc_10": [0.5095238095238095, 0.5121951219512195, 0.5047169811320755, 0.5053763440860215, 0.5060975609756098, 0.5068493150684932, 0.508, 0.5103448275862069, 0.5087719298245614, 0.5114503816793894, 0.5084745762711864, 0.510989010989011, 0.50625, 0.5054347826086957, 0.5084745762711864, 0.5075187969924813, 0.5037037037037038, 0.5121848739495799, 0.5049019607843137, 0.5060975609756098, 0.5120481927710843, 0.504950495049505, 0.5085470085470085, 0.5082644628099173, 0.506993006993007, 0.5038461538461538, 0.5091743119266054, 0.5235294117647059, 0.525, 0.51953125, 0.523076923076923, 0.5245901639344263, 0.5106382978723405, 0.5070422535211268, 0.5192307692307692, 0.5208333333333333, 0.518348623853211, 0.5172413793103448, 0.46875, 0.5204081632653061, 0.5197368421052632, 0.5114942528735632, 0.5136363636363637, 0.5077519379844961, 0.5038167938931297, 0.5080645161290323, 0.5091743119266054, 0.5206185567010309, 0.5171428571428571, 0.5234375, 0.5178571428571428, 0.5201612903225806, 0.516260162601626, 0.5172413793103448, 0.53125, 0.525, 0.5327868852459017, 0.5333333333333333, 0.4897790055248619, 0.5490196078431373], "r_sqr": [-0.029440275648311642, -0.028031133123039398, -0.024324350947158457, -0.039014191908072426, -0.021556324884607125, -0.02427540062382505, -0.05867463183076138, -0.033987266561094076, -0.01886770066543897, -0.022139413487182624, -0.01901915680712518, -0.0016916690399997325, -0.029868392304387426, -0.03454038221727029, -0.022656724048447874, -0.022774248999201996, -0.05528922766962441, -0.03732189683418463, -0.04092138449945626, -0.025328618797755276, -0.028417515860138742, -0.06112975957663247, -0.019492816735881657, -0.03999683498220352, -0.02273398719553077, -0.018483195135591046, -0.0344843557383796, -0.0414878916371757, -0.027805819292704426, -0.05017442210207812, -0.029741684932769852, -0.011145953257342356, -0.015434532319584804, -0.010663556250862793, -0.027026046222960787, -0.02647061184255084, -0.030231036431412228, -0.030308822965106286, -0.02244627285303169, -0.03018122933190237, -0.05722947068464235, -0.02131097934319337, -0.041720695829153165, -0.02226435523549064, -0.03463080867006152, -0.033741230315771586, -0.06106506662733957, -0.040340088008490316, -0.015007368693733758, -0.02635544704336712, -0.024616393346540866, -0.017368425925496922, -0.03916466992660017, -0.008182910469845206, -0.026489824694780895, -0.040824799104344, -0.05289767624204145, -0.03835007984460703, -0.010140591868577742, -0.01724072362909812], "t_test": [1.3494529724121094, 1.4648768901824951, 1.26621413230896, 1.1645629405975342, 1.0061120986938477, 0.9395370483398438, 1.5271239280700684, 1.7395210266113281, 1.9831469058990479, 1.6099529266357422, 1.430894136428833, 1.1208858489990234, 0.9951910972595215, 1.1380417346954346, 1.412506103515625, 1.567025899887085, 2.04821515083313, 1.6926641464233398, 2.395958185195923, 1.357483148574829, 1.209017276763916, 1.3608481884002686, 1.5272948741912842, 1.5556700229644775, 2.5648601055145264, 2.136425018310547, 1.835953950881958, 1.2608020305633545, 1.5146028995513916, 1.722337007522583, 1.712265968322754, 1.6081171035766602, 1.2368738651275635, 1.113793134689331, 1.1361489295959473, 1.2321290969848633, 1.3846869468688965, 1.4624550342559814, 1.4178030490875244, 1.2536568641662598, 1.0223758220672607, 1.1954751014709473, 1.3880279064178467, 1.625549077987671, 1.6396417617797852, 1.5780789852142334, 1.4032230377197266, 1.2397449016571045, 2.133646011352539, 2.3806028366088867, 2.4218199253082275, 1.5574150085449219, 1.5504179000854492, 1.4543190002441406, 1.267726182937622, 1.7105388641357422, 1.8083930015563965, 2.416485071182251, 2.292987108230591, 2.5412089824676514]}, "KNN_BOW": {"hits_10": [4, 3, 4, 3, 3, 3, 6, 4, 7, 2, 3, 3, 3, 6, 4, 5, 5, 4, 5, 5, 7, 6, 4, 5, 4, 4, 2, 5, 7, 7, 5, 7, 4, 3, 5, 5, 5, 5, 5, 5, 6, 4, 5, 4, 4, 4, 4, 4, 4, 7, 3, 3, 5, 3, 4, 8, 2, 4, 3, 5], "auc_10": [0.7871428571428571, 0.8044715447154472, 0.7919811320754717, 0.7881720430107526, 0.7695121951219512, 0.8315068493150685, 0.9624, 0.8241379310344829, 0.9403508771929826, 0.8351145038167939, 0.8364406779661017, 0.8423076923076923, 0.783125, 0.8945652173913045, 0.8991525423728813, 0.8958646616541354, 0.8633333333333334, 0.7680672268907562, 0.8931372549019608, 0.853048780487805, 0.9433734939759036, 0.9386138613861386, 0.8542735042735043, 0.8747933884297521, 0.8653846153846153, 0.8707692307692307, 0.8646788990825689, 0.9229411764705883, 0.9445, 0.878515625, 0.8973076923076924, 0.917622950819672, 0.901063829787234, 0.7605633802816901, 0.907051282051282, 0.8932291666666666, 0.9188073394495412, 0.8262931034482758, 0.8035714285714286, 0.8734693877551021, 0.8921052631578947, 0.8545977011494253, 0.884090909090909, 0.8624031007751938, 0.8080152671755725, 0.9012096774193549, 0.9247706422018349, 0.9067010309278352, 0.7522857142857142, 0.97578125, 0.550765306122449, 0.7701612903225807, 0.9060975609756098, 0.8655172413793104, 0.7921875, 0.96, 0.7741803278688524, 0.8184848484848485, 0.6823204419889503, 0.7593137254901962], "r_sqr": [0.6123794146313346, 0.4516151348056544, 0.38289207079242893, -0.12174228749792793, 0.8022651963248585, 0.6838256603687265, -0.10707436580953433, 0.41821956955736594, 0.3095410078063692, 0.5415927921379675, -3.868646454865215, -0.9651270081622076, -0.0390624552102965, 0.5592866865485189, 0.16668341189326463, 0.054629141397381176, 0.2906915173974428, 0.1673596012958415, 0.5635986749954445, 0.683472398503062, 0.5470486783431907, 0.33618856302968114, 0.8982516484307945, 0.8497471316429509, 0.23370801565361543, -0.015378171466063684, -0.9895089283827192, 0.06138455491766659, 0.5596499222409776, 0.0753286705538887, 0.21300550143092223, -0.31249996342865627, 0.007581921216713194, 0.08258683181528015, 0.3758766086011657, 0.10411681324030786, -0.22955664397526832, 0.20760698614552797, 0.4452739225224269, 0.7692809586650982, 0.36973528661663146, -0.8091104681204966, 0.17274356559842297, 0.15108709742947046, 0.28412781526413555, 0.09847618959151416, 0.159261466723426, 0.10557832084202257, 0.30090680626157096, -0.7140737111670259, -0.08638629020420074, -0.14580332756786496, -0.3543214852008456, 0.19023446574144798, 0.2624895413422985, 0.867030598711174, 0.05677782243222784, 0.26299466568629337, 0.6871200112252303, 0.7430146821086991], "t_test": [0.11317300796508789, 0.10607790946960449, 0.1106271743774414, 0.10960268974304199, 0.10932302474975586, 0.1126410961151123, 0.10867595672607422, 0.10627985000610352, 0.1087350845336914, 0.1096799373626709, 0.10932087898254395, 0.10953593254089355, 0.11101293563842773, 0.11000823974609375, 0.11040592193603516, 0.11229610443115234, 0.10985493659973145, 0.11033511161804199, 0.11034798622131348, 0.11066794395446777, 0.10800313949584961, 0.10820388793945312, 0.10872292518615723, 0.11141610145568848, 0.10857415199279785, 0.11171817779541016, 0.11284923553466797, 0.10639500617980957, 0.1119999885559082, 0.10804319381713867, 0.11041426658630371, 0.10817313194274902, 0.10802197456359863, 0.11173868179321289, 0.10908007621765137, 0.11353302001953125, 0.10742402076721191, 0.10819196701049805, 0.10921692848205566, 0.10988903045654297, 0.10940885543823242, 0.10967111587524414, 0.10854601860046387, 0.10915708541870117, 0.10962700843811035, 0.11348390579223633, 0.11975598335266113, 0.10871577262878418, 0.10722208023071289, 0.10737895965576172, 0.11210989952087402, 0.1062002182006836, 0.10842275619506836, 0.11170482635498047, 0.11886286735534668, 0.11764788627624512, 0.11513710021972656, 0.10971498489379883, 0.10630202293395996, 0.10979390144348145]}}