{"LinearSVR": {"auc_10": [0.6288235294117648, 0.8044117647058823, 0.6219512195121952, 0.8849397590361445, 0.7416083916083916, 0.7148936170212766, 0.9046875, 0.6641509433962264, 0.7344961240310077, 0.602112676056338, 0.526875, 0.7814102564102564, 0.9015, 0.6478260869565217, 0.8938931297709924, 0.8364406779661017, 0.8309090909090908, 0.8040816326530613, 0.8605263157894737, 0.6526881720430108, 0.7458762886597938, 0.5729885057471265, 0.7459259259259259, 0.7975247524752476, 0.8560975609756097, 0.7526041666666666, 0.8739766081871345, 0.825609756097561, 0.8934615384615385, 0.7715151515151515, 0.6582758620689655, 0.7102739726027396, 0.7361788617886178, 0.8164122137404579, 0.6546218487394958, 0.6979838709677418, 0.8361538461538462, 0.7534188034188034, 0.8418032786885246, 0.6802752293577983, 0.557843137254902, 0.6857142857142857, 0.6931428571428572, 0.8266129032258065, 0.5461734693877551, 0.7676000000000001, 0.641160220994475, 0.7049450549450549, 0.9435344827586206, 0.7935, 0.8431192660550458, 0.6802631578947368, 0.7922131147540984, 0.7137614678899082, 0.8045454545454547, 0.5788793103448275, 0.7440677966101696, 0.784765625, 0.7848958333333332, 0.8473214285714286], "hits_10": [5, 5, 4, 5, 3, 2, 4, 4, 5, 3, 3, 3, 5, 3, 6, 4, 4, 5, 5, 4, 3, 3, 2, 5, 2, 3, 5, 4, 3, 2, 3, 5, 2, 4, 2, 1, 4, 3, 4, 3, 4, 2, 4, 2, 3, 3, 3, 3, 5, 5, 4, 2, 3, 2, 5, 1, 4, 5, 3, 3], "r_sqr": [-1.9655418416730002, -0.3150936856982314, -1.9750669428149528, -0.9251628624410182, -1.7809883313144925, -1.520304810112068, -8.853507647232755, -1.6066127699030082, -5.962029044860265, 0.023290824366211216, -3.6108765011586055, 0.32728456226153246, -0.29032870434820546, -0.3068691115262008, -2.7935242353249268, -92.378290150261, -3.2035949440831235, -1.9032558816716794, -0.3878781077406015, -44.27260086252882, -6.464566359067539, -10.461420253910449, -5.372920737286496, -8.731321663795148, -43.494573003318656, -1.3733151030718247, -0.9367075209906277, -2.786674696518268, -3.415398102403114, -1.5379874374597744, -1.1978272108947112, -3.814133309632961, -2.093087422080739, -1.3922315415932323, -2.5797550656511943, -2.6485690055113706, -1.2942726817825645, -0.7802989899184651, -1.103934944891357, -21.777613711146202, -0.3563806765104809, -1.3175429464468937, -3.2526993790041763, -2.7075537337989637, -3.172065334921947, -14.060949684532211, -0.21154112931922797, -156.33159684184653, -0.0803831622952409, -1.2172593154934348, -3.8523019540992607, -10.285914818202095, -6.3631535477701675, -16.180076968296877, -0.48628899089782784, -1.6123833046561402, -0.2888421031523114, -5.9903300839466045, -6.238987873660969, -14.254190677407076], "t_test": [0.004927873611450195, 0.0036783218383789062, 0.0036437511444091797, 0.0037355422973632812, 0.008360624313354492, 0.004910945892333984, 0.005079030990600586, 0.005519866943359375, 0.004959583282470703, 0.004996776580810547, 0.004863739013671875, 0.00507044792175293, 0.005020618438720703, 0.005042552947998047, 0.0050432682037353516, 0.005251169204711914, 0.0049130916595458984, 0.004923343658447266, 0.00514984130859375, 0.004942893981933594, 0.0050373077392578125, 0.004938602447509766, 0.004966259002685547, 0.0050280094146728516, 0.004994392395019531, 0.007537841796875, 0.020567655563354492, 0.005064249038696289, 0.009809255599975586, 0.005051851272583008, 0.006341218948364258, 0.00678563117980957, 0.005034685134887695, 0.004991054534912109, 0.00490880012512207, 0.005017518997192383, 0.005112171173095703, 0.004990100860595703, 0.005127429962158203, 0.004838705062866211, 0.05923056602478027, 0.01817607879638672, 0.015369653701782227, 0.00522613525390625, 0.00513148307800293, 0.005010843276977539, 0.005056619644165039, 0.0049021244049072266, 0.00488591194152832, 0.0049135684967041016, 0.004974365234375, 0.0048828125, 0.005111217498779297, 0.0049512386322021484, 0.004888057708740234, 0.004818439483642578, 0.004942178726196289, 0.005255222320556641, 0.004911184310913086, 0.004976987838745117]}, "Random Forest": {"auc_10": [0.9458823529411764, 0.9725490196078431, 0.8439024390243902, 0.9493975903614459, 0.9423076923076923, 0.9771276595744681, 0.99609375, 0.9872641509433963, 0.9228682170542636, 0.9, 0.9293750000000001, 0.9282051282051282, 0.9565, 0.9461956521739131, 0.8751908396946565, 0.9394067796610169, 0.9240909090909092, 0.9739795918367347, 0.9793233082706767, 0.9231182795698926, 0.9587628865979381, 0.8735632183908046, 0.9266666666666666, 0.9727722772277227, 0.9707317073170731, 0.9166666666666667, 0.9757309941520468, 0.9195121951219513, 0.9669230769230769, 0.8733333333333333, 0.9555172413793104, 0.934931506849315, 0.9378048780487804, 0.9545801526717558, 0.8256302521008402, 0.8983870967741936, 0.9738461538461539, 0.9132478632478632, 0.919672131147541, 0.9747706422018348, 0.917156862745098, 0.8728571428571429, 0.9645714285714285, 0.9786290322580645, 0.8604591836734694, 0.9584, 0.8895027624309393, 0.934065934065934, 0.940948275862069, 0.9525, 0.9701834862385321, 0.9532894736842106, 0.9700819672131147, 0.8532110091743119, 0.9623966942148761, 0.896551724137931, 0.9593220338983051, 0.9304687500000001, 0.9005208333333333, 0.9111607142857143], "hits_10": [6, 7, 4, 6, 5, 9, 9, 9, 6, 5, 6, 6, 7, 5, 5, 4, 7, 8, 7, 5, 6, 5, 6, 7, 6, 6, 5, 6, 6, 3, 5, 5, 5, 6, 3, 4, 6, 3, 6, 7, 6, 5, 6, 7, 2, 6, 3, 4, 5, 6, 7, 7, 7, 4, 7, 5, 6, 8, 5, 4], "r_sqr": [0.18504411023855816, 0.8040102949139534, 0.48518057690638394, 0.4588459510941785, 0.17932822650677216, 0.23613567857501028, 0.5527827250809447, 0.42234336433845865, 0.3890426916484252, 0.3080502744009542, -0.23452699760335305, 0.5626568384745243, 0.3807083835451497, 0.5763630258854326, 0.5020946435185828, -1.559605852080049, 0.6782678641509965, 0.8545674170711814, 0.14592296292908946, 0.4219972292462024, -0.11784027419966203, 0.5458149959012839, 0.3285153765145308, 0.42225415666175947, -0.833065049722026, 0.2786136037438084, 0.43799352199134445, 0.6405800997942277, 0.21924239584456162, 0.13136166210782685, 0.4557402853673477, 0.5573626150236233, 0.4464089968360344, 0.4853018254986742, 0.6140515872652578, 0.03051712517284566, 0.08763585716249456, 0.8505645202143077, 0.21158928758384843, 0.07531622566755225, 0.6418908348010852, 0.6942259692585231, 0.2829444582380548, 0.05140799970070209, 0.22933707977870588, -2.2581247198974213, 0.5240930814596493, -2.5430961520421103, 0.44997801098557155, 0.21768975448256356, 0.15728303869827998, 0.18229493760856974, 0.336493037519493, -0.12057905862891571, 0.7630093977237429, 0.5534064971219343, 0.5359103896945184, -5.113063711080596, 0.5847901981190619, -1.096166650004649], "t_test": [0.010099172592163086, 0.015607833862304688, 0.01063680648803711, 0.010732173919677734, 0.013312339782714844, 0.009942293167114258, 0.011806011199951172, 0.010715484619140625, 0.008828878402709961, 0.0070154666900634766, 0.0070629119873046875, 0.00718379020690918, 0.007625579833984375, 0.007410764694213867, 0.00823664665222168, 0.00813913345336914, 0.007796764373779297, 0.007622241973876953, 0.009440183639526367, 0.008211135864257812, 0.008902549743652344, 0.007601737976074219, 0.010185956954956055, 0.007830619812011719, 0.008377790451049805, 0.007441043853759766, 0.008562326431274414, 0.007481098175048828, 0.008236169815063477, 0.009376764297485352, 0.008791923522949219, 0.008462190628051758, 0.008507966995239258, 0.009173154830932617, 0.008147478103637695, 0.008127689361572266, 0.00817728042602539, 0.009220600128173828, 0.008615255355834961, 0.011811017990112305, 0.011688947677612305, 0.009369373321533203, 0.010358095169067383, 0.008253335952758789, 0.009092330932617188, 0.008290767669677734, 0.009245634078979492, 0.007494926452636719, 0.008577823638916016, 0.007920503616333008, 0.008108377456665039, 0.007548093795776367, 0.008332490921020508, 0.008027791976928711, 0.008909463882446289, 0.010021448135375977, 0.008862972259521484, 0.010016441345214844, 0.009960174560546875, 0.007858514785766602]},