{"LinearSVR": {"hits_10": [5, 5, 4, 5, 3, 2, 4, 4, 5, 3, 3, 3, 5, 3, 6, 4, 4, 5, 5, 4, 3, 3, 2, 5, 2, 3, 5, 4, 3, 2, 3, 5, 2, 4, 2, 1, 4, 3, 4, 3, 4, 2, 4, 2, 3, 3, 3, 3, 5, 5, 4, 2, 3, 2, 5, 1, 4, 5, 3, 3], "auc_10": [0.6288235294117648, 0.8044117647058823, 0.6219512195121952, 0.8849397590361445, 0.7416083916083916, 0.7148936170212766, 0.9046875, 0.6641509433962264, 0.7344961240310077, 0.602112676056338, 0.526875, 0.7814102564102564, 0.9015, 0.6478260869565217, 0.8938931297709924, 0.8364406779661017, 0.8309090909090908, 0.8040816326530613, 0.8605263157894737, 0.6526881720430108, 0.7458762886597938, 0.5729885057471265, 0.7459259259259259, 0.7975247524752476, 0.8560975609756097, 0.7526041666666666, 0.8739766081871345, 0.825609756097561, 0.8934615384615385, 0.7715151515151515, 0.6582758620689655, 0.7102739726027396, 0.7361788617886178, 0.8164122137404579, 0.6546218487394958, 0.6979838709677418, 0.8361538461538462, 0.7534188034188034, 0.8418032786885246, 0.6802752293577983, 0.557843137254902, 0.6857142857142857, 0.6931428571428572, 0.8266129032258065, 0.5461734693877551, 0.7676000000000001, 0.641160220994475, 0.7049450549450549, 0.9435344827586206, 0.7935, 0.8431192660550458, 0.6802631578947368, 0.7922131147540984, 0.7137614678899082, 0.8045454545454547, 0.5788793103448275, 0.7440677966101696, 0.784765625, 0.7848958333333332, 0.8473214285714286], "r_sqr": [-1.9655418416730002, -0.3150936856982314, -1.9750669428149528, -0.9251628624410182, -1.7809883313144925, -1.520304810112068, -8.853507647232755, -1.6066127699030082, -5.962029044860265, 0.023290824366211216, -3.6108765011586055, 0.32728456226153246, -0.29032870434820546, -0.3068691115262008, -2.7935242353249268, -92.378290150261, -3.2035949440831235, -1.9032558816716794, -0.3878781077406015, -44.27260086252882, -6.464566359067539, -10.461420253910449, -5.372920737286496, -8.731321663795148, -43.494573003318656, -1.3733151030718247, -0.9367075209906277, -2.786674696518268, -3.415398102403114, -1.5379874374597744, -1.1978272108947112, -3.814133309632961, -2.093087422080739, -1.3922315415932323, -2.5797550656511943, -2.6485690055113706, -1.2942726817825645, -0.7802989899184651, -1.103934944891357, -21.777613711146202, -0.3563806765104809, -1.3175429464468937, -3.2526993790041763, -2.7075537337989637, -3.172065334921947, -14.060949684532211, -0.21154112931922797, -156.33159684184653, -0.0803831622952409, -1.2172593154934348, -3.8523019540992607, -10.285914818202095, -6.3631535477701675, -16.180076968296877, -0.48628899089782784, -1.6123833046561402, -0.2888421031523114, -5.9903300839466045, -6.238987873660969, -14.254190677407076], "t_test": [0.02019357681274414, 0.0065996646881103516, 0.004007577896118164, 0.0039441585540771484, 0.03318381309509277, 0.004792451858520508, 0.004206657409667969, 0.0038247108459472656, 0.005112171173095703, 0.004801273345947266, 0.00485539436340332, 0.005159854888916016, 0.0048334598541259766, 0.004893779754638672, 0.006476640701293945, 0.01481938362121582, 0.005269050598144531, 0.004827976226806641, 0.008750200271606445, 0.004953145980834961, 0.004833698272705078, 0.00483250617980957, 0.004926919937133789, 0.0059239864349365234, 0.005492687225341797, 0.00529932975769043, 0.004965782165527344, 0.0047779083251953125, 0.004937887191772461, 0.005231142044067383, 0.0049588680267333984, 0.004744768142700195, 0.004895210266113281, 0.004861354827880859, 0.004819631576538086, 0.0048999786376953125, 0.004821300506591797, 0.004785776138305664, 0.0048487186431884766, 0.004910707473754883, 0.0058612823486328125, 0.015337228775024414, 0.014133930206298828, 0.00992131233215332, 0.007395029067993164, 0.005899906158447266, 0.0049130916595458984, 0.0048487186431884766, 0.0048160552978515625, 0.004800081253051758, 0.01166224479675293, 0.0047760009765625, 0.0048370361328125, 0.0049130916595458984, 0.0048220157623291016, 0.004780769348144531, 0.004809856414794922, 0.06011176109313965, 0.005181312561035156, 0.02309250831604004]}, "Random Forest": {"hits_10": [6, 7, 4, 6, 5, 9, 9, 9, 6, 5, 6, 6, 7, 5, 5, 4, 7, 8, 7, 5, 6, 5, 6, 7, 6, 6, 5, 6, 6, 3, 5, 5, 5, 6, 3, 4, 6, 3, 6, 7, 6, 5, 6, 7, 2, 6, 3, 4, 5, 6, 7, 7, 7, 4, 7, 5, 6, 8, 5, 4], "auc_10": [0.9458823529411764, 0.9725490196078431, 0.8439024390243902, 0.9493975903614459, 0.9423076923076923, 0.9771276595744681, 0.99609375, 0.9872641509433963, 0.9228682170542636, 0.9, 0.9293750000000001, 0.9282051282051282, 0.9565, 0.9461956521739131, 0.8751908396946565, 0.9394067796610169, 0.9240909090909092, 0.9739795918367347, 0.9793233082706767, 0.9231182795698926, 0.9587628865979381, 0.8735632183908046, 0.9266666666666666, 0.9727722772277227, 0.9707317073170731, 0.9166666666666667, 0.9757309941520468, 0.9195121951219513, 0.9669230769230769, 0.8733333333333333, 0.9555172413793104, 0.934931506849315, 0.9378048780487804, 0.9545801526717558, 0.8256302521008402, 0.8983870967741936, 0.9738461538461539, 0.9132478632478632, 0.919672131147541, 0.9747706422018348, 0.917156862745098, 0.8728571428571429, 0.9645714285714285, 0.9786290322580645, 0.8604591836734694, 0.9584, 0.8895027624309393, 0.934065934065934, 0.940948275862069, 0.9525, 0.9701834862385321, 0.9532894736842106, 0.9700819672131147, 0.8532110091743119, 0.9623966942148761, 0.896551724137931, 0.9593220338983051, 0.9304687500000001, 0.9005208333333333, 0.9111607142857143], "r_sqr": [0.18504411023855816, 0.8040102949139534, 0.48518057690638394, 0.4588459510941785, 0.17932822650677216, 0.23613567857501028, 0.5527827250809447, 0.42234336433845865, 0.3890426916484252, 0.3080502744009542, -0.23452699760335305, 0.5626568384745243, 0.3807083835451497, 0.5763630258854326, 0.5020946435185828, -1.559605852080049, 0.6782678641509965, 0.8545674170711814, 0.14592296292908946, 0.4219972292462024, -0.11784027419966203, 0.5458149959012839, 0.3285153765145308, 0.42225415666175947, -0.833065049722026, 0.2786136037438084, 0.43799352199134445, 0.6405800997942277, 0.21924239584456162, 0.13136166210782685, 0.4557402853673477, 0.5573626150236233, 0.4464089968360344, 0.4853018254986742, 0.6140515872652578, 0.03051712517284566, 0.08763585716249456, 0.8505645202143077, 0.21158928758384843, 0.07531622566755225, 0.6418908348010852, 0.6942259692585231, 0.2829444582380548, 0.05140799970070209, 0.22933707977870588, -2.2581247198974213, 0.5240930814596493, -2.5430961520421103, 0.44997801098557155, 0.21768975448256356, 0.15728303869827998, 0.18229493760856974, 0.336493037519493, -0.12057905862891571, 0.7630093977237429, 0.5534064971219343, 0.5359103896945184, -5.113063711080596, 0.5847901981190619, -1.096166650004649], "t_test": [0.011145591735839844, 0.010246992111206055, 0.009738922119140625, 0.009816169738769531, 0.011343002319335938, 0.009865522384643555, 0.011316776275634766, 0.009762287139892578, 0.00835275650024414, 0.0071756839752197266, 0.007205963134765625, 0.010809659957885742, 0.012380361557006836, 0.015619754791259766, 0.013387441635131836, 0.008489131927490234, 0.00958704948425293, 0.0098724365234375, 0.00921940803527832, 0.00808405876159668, 0.00816488265991211, 0.007998943328857422, 0.009131908416748047, 0.010349035263061523, 0.010447978973388672, 0.008223295211791992, 0.008803606033325195, 0.008516550064086914, 0.009165525436401367, 0.014264106750488281, 0.010362386703491211, 0.00758814811706543, 0.008423566818237305, 0.00824284553527832, 0.008202314376831055, 0.008266687393188477, 0.008847713470458984, 0.009835481643676758, 0.008249521255493164, 0.007898569107055664, 0.009600639343261719, 0.00794529914855957, 0.008353948593139648, 0.008214712142944336, 0.008884668350219727, 0.009375810623168945, 0.010322332382202148, 0.010948419570922852, 0.009078264236450195, 0.016171932220458984, 0.008507013320922852, 0.007816553115844727, 0.008618831634521484, 0.008367300033569336, 0.008758306503295898, 0.008160829544067383, 0.008293390274047852, 0.00879049301147461, 0.00854182243347168, 0.008377790451049805]},